{
    "annotations": {
      "list": [
        {
          "builtIn": 1,
          "datasource": {
            "type": "datasource",
            "uid": "grafana"
          },
          "enable": true,
          "hide": true,
          "iconColor": "rgba(0, 211, 255, 1)",
          "name": "Annotations & Alerts",
          "type": "dashboard"
        }
      ]
    },
    "editable": true,
    "fiscalYearStartMonth": 0,
    "graphTooltip": 0,
    "id": 1,
    "links": [],
    "panels": [
      {
        "collapsed": false,
        "gridPos": {
          "h": 1,
          "w": 24,
          "x": 0,
          "y": 0
        },
        "id": 25,
        "panels": [],
        "title": "Healthcheck",
        "type": "row"
      },
      {
        "datasource": {
          "type": "prometheus",
          "uid": "000000001"
        },
        "fieldConfig": {
          "defaults": {
            "mappings": [],
            "thresholds": {
              "mode": "absolute",
              "steps": [
                {
                  "color": "#bf1b00",
                  "value": null
                },
                {
                  "color": "#7eb26d",
                  "value": 1
                },
                {
                  "color": "#508642"
                }
              ]
            },
            "unit": "none"
          },
          "overrides": []
        },
        "gridPos": {
          "h": 4,
          "w": 3,
          "x": 0,
          "y": 1
        },
        "id": 2,
        "maxDataPoints": 100,
        "options": {
          "colorMode": "value",
          "graphMode": "none",
          "justifyMode": "auto",
          "orientation": "horizontal",
          "percentChangeColorMode": "standard",
          "reduceOptions": {
            "calcs": [
              "lastNotNull"
            ],
            "fields": "",
            "values": false
          },
          "showPercentChange": false,
          "textMode": "auto",
          "wideLayout": true
        },
        "pluginVersion": "11.4.0",
        "targets": [
          {
            "datasource": {
              "type": "prometheus",
              "uid": "000000001"
            },
            "expr": "sum(kafka_controller_kafkacontroller_activecontrollercount{job=\"kafka\",env=\"$env\",instance=~\"$broker_id\"})",
            "format": "time_series",
            "interval": "",
            "intervalFactor": 1,
            "legendFormat": "",
            "refId": "A"
          }
        ],
        "title": "# of Active Controllers",
        "type": "stat"
      },
      {
        "datasource": {
          "type": "prometheus",
          "uid": "000000001"
        },
        "fieldConfig": {
          "defaults": {
            "mappings": [],
            "thresholds": {
              "mode": "absolute",
              "steps": [
                {
                  "color": "#bf1b00",
                  "value": null
                },
                {
                  "color": "#f9934e",
                  "value": 0
                },
                {
                  "color": "#629e51",
                  "value": 2
                }
              ]
            },
            "unit": "none"
          },
          "overrides": []
        },
        "gridPos": {
          "h": 4,
          "w": 3,
          "x": 3,
          "y": 1
        },
        "id": 5,
        "maxDataPoints": 100,
        "options": {
          "colorMode": "value",
          "graphMode": "none",
          "justifyMode": "auto",
          "orientation": "horizontal",
          "percentChangeColorMode": "standard",
          "reduceOptions": {
            "calcs": [
              "lastNotNull"
            ],
            "fields": "",
            "values": false
          },
          "showPercentChange": false,
          "textMode": "auto",
          "wideLayout": true
        },
        "pluginVersion": "11.4.0",
        "targets": [
          {
            "datasource": {
              "type": "prometheus",
              "uid": "000000001"
            },
            "expr": "count(kafka_server_replicamanager_leadercount{job=\"kafka\",env=\"$env\",instance=~\"$broker_id\"})",
            "format": "time_series",
            "interval": "",
            "intervalFactor": 1,
            "legendFormat": "",
            "refId": "A"
          }
        ],
        "title": "# of Brokers Online",
        "type": "stat"
      },
      {
        "datasource": {
          "type": "prometheus",
          "uid": "000000001"
        },
        "fieldConfig": {
          "defaults": {
            "mappings": [],
            "thresholds": {
              "mode": "absolute",
              "steps": [
                {
                  "color": "#629e51",
                  "value": null
                },
                {
                  "color": "#f9934e",
                  "value": 2
                },
                {
                  "color": "#bf1b00"
                }
              ]
            },
            "unit": "none"
          },
          "overrides": []
        },
        "gridPos": {
          "h": 4,
          "w": 3,
          "x": 6,
          "y": 1
        },
        "id": 6,
        "maxDataPoints": 100,
        "options": {
          "colorMode": "value",
          "graphMode": "none",
          "justifyMode": "auto",
          "orientation": "horizontal",
          "percentChangeColorMode": "standard",
          "reduceOptions": {
            "calcs": [
              "lastNotNull"
            ],
            "fields": "",
            "values": false
          },
          "showPercentChange": false,
          "textMode": "auto",
          "wideLayout": true
        },
        "pluginVersion": "11.4.0",
        "targets": [
          {
            "datasource": {
              "type": "prometheus",
              "uid": "000000001"
            },
            "expr": "sum(kafka_controller_controllerstats_uncleanleaderelections_total{job=\"kafka\",env=\"$env\",instance=~\"$broker_id\"})",
            "format": "time_series",
            "interval": "",
            "intervalFactor": 1,
            "legendFormat": "",
            "refId": "A"
          }
        ],
        "title": "Unclean Leader Election Rate",
        "type": "stat"
      },
      {
        "datasource": {
          "type": "prometheus",
          "uid": "000000001"
        },
        "fieldConfig": {
          "defaults": {
            "mappings": [],
            "thresholds": {
              "mode": "absolute",
              "steps": [
                {
                  "color": "#629e51",
                  "value": null
                },
                {
                  "color": "#f9934e",
                  "value": 2
                },
                {
                  "color": "#bf1b00"
                }
              ]
            },
            "unit": "none"
          },
          "overrides": []
        },
        "gridPos": {
          "h": 4,
          "w": 3,
          "x": 9,
          "y": 1
        },
        "id": 8,
        "maxDataPoints": 100,
        "options": {
          "colorMode": "value",
          "graphMode": "none",
          "justifyMode": "auto",
          "orientation": "horizontal",
          "percentChangeColorMode": "standard",
          "reduceOptions": {
            "calcs": [
              "lastNotNull"
            ],
            "fields": "",
            "values": false
          },
          "showPercentChange": false,
          "textMode": "auto",
          "wideLayout": true
        },
        "pluginVersion": "11.4.0",
        "targets": [
          {
            "datasource": {
              "type": "prometheus",
              "uid": "000000001"
            },
            "expr": "sum(kafka_controller_kafkacontroller_preferredreplicaimbalancecount{job=\"kafka\",env=\"$env\",instance=~\"$broker_id\"})",
            "format": "time_series",
            "interval": "",
            "intervalFactor": 1,
            "legendFormat": "",
            "refId": "A"
          }
        ],
        "title": "Preferred Replica Imbalance",
        "type": "stat"
      },
      {
        "datasource": {
          "type": "prometheus",
          "uid": "000000001"
        },
        "fieldConfig": {
          "defaults": {
            "color": {
              "mode": "palette-classic"
            },
            "custom": {
              "axisBorderShow": false,
              "axisCenteredZero": false,
              "axisColorMode": "text",
              "axisLabel": "Bytes/s",
              "axisPlacement": "auto",
              "barAlignment": 0,
              "barWidthFactor": 0.6,
              "drawStyle": "line",
              "fillOpacity": 10,
              "gradientMode": "none",
              "hideFrom": {
                "legend": false,
                "tooltip": false,
                "viz": false
              },
              "insertNulls": false,
              "lineInterpolation": "linear",
              "lineWidth": 2,
              "pointSize": 5,
              "scaleDistribution": {
                "type": "linear"
              },
              "showPoints": "never",
              "spanNulls": true,
              "stacking": {
                "group": "A",
                "mode": "none"
              },
              "thresholdsStyle": {
                "mode": "off"
              }
            },
            "mappings": [],
            "thresholds": {
              "mode": "absolute",
              "steps": [
                {
                  "color": "green",
                  "value": null
                },
                {
                  "color": "red",
                  "value": 80
                }
              ]
            },
            "unit": "Bps"
          },
          "overrides": []
        },
        "gridPos": {
          "h": 8,
          "w": 12,
          "x": 12,
          "y": 1
        },
        "id": 13,
        "options": {
          "legend": {
            "calcs": [],
            "displayMode": "list",
            "placement": "bottom",
            "showLegend": true
          },
          "tooltip": {
            "mode": "multi",
            "sort": "none"
          }
        },
        "pluginVersion": "11.4.0",
        "targets": [
          {
            "datasource": {
              "type": "prometheus",
              "uid": "000000001"
            },
            "expr": "sum(rate(kafka_server_brokertopicmetrics_bytesin_total{job=\"kafka\",env=\"$env\",instance=~\"$broker_id\",topic!=\"\"}[5m]))",
            "format": "time_series",
            "intervalFactor": 2,
            "legendFormat": "Bytes in",
            "refId": "A"
          },
          {
            "datasource": {
              "type": "prometheus",
              "uid": "000000001"
            },
            "expr": "sum(rate(kafka_server_brokertopicmetrics_bytesout_total{job=\"kafka\",env=\"$env\",instance=~\"$broker_id\",topic!=\"\"}[5m]))",
            "format": "time_series",
            "intervalFactor": 2,
            "legendFormat": "Bytes out",
            "refId": "B"
          }
        ],
        "title": "Broker network throughput",
        "type": "timeseries"
      },
      {
        "datasource": {
          "type": "prometheus",
          "uid": "000000001"
        },
        "fieldConfig": {
          "defaults": {
            "mappings": [],
            "thresholds": {
              "mode": "absolute",
              "steps": [
                {
                  "color": "#629e51",
                  "value": null
                },
                {
                  "color": "#f9934e",
                  "value": 1
                },
                {
                  "color": "#bf1b00",
                  "value": 1
                }
              ]
            },
            "unit": "none"
          },
          "overrides": []
        },
        "gridPos": {
          "h": 4,
          "w": 3,
          "x": 0,
          "y": 5
        },
        "id": 7,
        "maxDataPoints": 100,
        "options": {
          "colorMode": "value",
          "graphMode": "none",
          "justifyMode": "auto",
          "orientation": "horizontal",
          "percentChangeColorMode": "standard",
          "reduceOptions": {
            "calcs": [
              "lastNotNull"
            ],
            "fields": "",
            "values": false
          },
          "showPercentChange": false,
          "textMode": "auto",
          "wideLayout": true
        },
        "pluginVersion": "11.4.0",
        "targets": [
          {
            "datasource": {
              "type": "prometheus",
              "uid": "000000001"
            },
            "expr": "sum(kafka_controller_kafkacontroller_offlinepartitionscount{job=\"kafka\",env=\"$env\",instance=~\"$broker_id\"})",
            "format": "time_series",
            "interval": "",
            "intervalFactor": 1,
            "legendFormat": "",
            "refId": "A"
          }
        ],
        "title": "Offline Partitions",
        "type": "stat"
      },
      {
        "datasource": {
          "type": "prometheus",
          "uid": "000000001"
        },
        "fieldConfig": {
          "defaults": {
            "mappings": [],
            "thresholds": {
              "mode": "absolute",
              "steps": [
                {
                  "color": "#629e51",
                  "value": null
                },
                {
                  "color": "#f9934e",
                  "value": 1
                },
                {
                  "color": "#bf1b00",
                  "value": 5
                }
              ]
            },
            "unit": "none"
          },
          "overrides": []
        },
        "gridPos": {
          "h": 4,
          "w": 3,
          "x": 3,
          "y": 5
        },
        "id": 10,
        "maxDataPoints": 100,
        "options": {
          "colorMode": "value",
          "graphMode": "none",
          "justifyMode": "auto",
          "orientation": "horizontal",
          "percentChangeColorMode": "standard",
          "reduceOptions": {
            "calcs": [
              "lastNotNull"
            ],
            "fields": "",
            "values": false
          },
          "showPercentChange": false,
          "textMode": "auto",
          "wideLayout": true
        },
        "pluginVersion": "11.4.0",
        "targets": [
          {
            "datasource": {
              "type": "prometheus",
              "uid": "000000001"
            },
            "expr": "sum(kafka_server_replicamanager_underreplicatedpartitions{job=\"kafka\",env=\"$env\",instance=~\"$broker_id\"})",
            "format": "time_series",
            "interval": "",
            "intervalFactor": 1,
            "legendFormat": "",
            "refId": "A"
          }
        ],
        "title": "Under Replicated Partitions",
        "type": "stat"
      },
      {
        "datasource": {
          "type": "prometheus",
          "uid": "000000001"
        },
        "fieldConfig": {
          "defaults": {
            "mappings": [],
            "thresholds": {
              "mode": "absolute",
              "steps": [
                {
                  "color": "#629e51",
                  "value": null
                },
                {
                  "color": "#f9934e",
                  "value": 1
                },
                {
                  "color": "#bf1b00",
                  "value": 5
                }
              ]
            },
            "unit": "none"
          },
          "overrides": []
        },
        "gridPos": {
          "h": 4,
          "w": 3,
          "x": 6,
          "y": 5
        },
        "id": 11,
        "maxDataPoints": 100,
        "options": {
          "colorMode": "value",
          "graphMode": "none",
          "justifyMode": "auto",
          "orientation": "horizontal",
          "percentChangeColorMode": "standard",
          "reduceOptions": {
            "calcs": [
              "lastNotNull"
            ],
            "fields": "",
            "values": false
          },
          "showPercentChange": false,
          "textMode": "auto",
          "wideLayout": true
        },
        "pluginVersion": "11.4.0",
        "targets": [
          {
            "datasource": {
              "type": "prometheus",
              "uid": "000000001"
            },
            "expr": "sum(kafka_cluster_partition_underminisr{job=\"kafka\",env=\"$env\",instance=~\"$broker_id\"})",
            "format": "time_series",
            "interval": "",
            "intervalFactor": 1,
            "legendFormat": "",
            "refId": "A"
          }
        ],
        "title": "Under Min ISR Partitions",
        "type": "stat"
      },
      {
        "datasource": {
          "type": "prometheus",
          "uid": "000000001"
        },
        "fieldConfig": {
          "defaults": {
            "mappings": [],
            "thresholds": {
              "mode": "absolute",
              "steps": [
                {
                  "color": "#bf1b00",
                  "value": null
                },
                {
                  "color": "#f9934e",
                  "value": 0
                },
                {
                  "color": "#629e51",
                  "value": 0
                }
              ]
            },
            "unit": "none"
          },
          "overrides": []
        },
        "gridPos": {
          "h": 4,
          "w": 3,
          "x": 9,
          "y": 5
        },
        "id": 9,
        "maxDataPoints": 100,
        "options": {
          "colorMode": "value",
          "graphMode": "none",
          "justifyMode": "auto",
          "orientation": "horizontal",
          "percentChangeColorMode": "standard",
          "reduceOptions": {
            "calcs": [
              "lastNotNull"
            ],
            "fields": "",
            "values": false
          },
          "showPercentChange": false,
          "textMode": "auto",
          "wideLayout": true
        },
        "pluginVersion": "11.4.0",
        "targets": [
          {
            "datasource": {
              "type": "prometheus",
              "uid": "000000001"
            },
            "expr": "sum(kafka_server_replicamanager_partitioncount{job=\"kafka\",env=\"$env\",instance=~\"$broker_id\"})",
            "format": "time_series",
            "interval": "",
            "intervalFactor": 1,
            "legendFormat": "",
            "refId": "A"
          }
        ],
        "title": "Online Partitions",
        "type": "stat"
      },
      {
        "collapsed": false,
        "gridPos": {
          "h": 1,
          "w": 24,
          "x": 0,
          "y": 9
        },
        "id": 23,
        "panels": [],
        "title": "Throughput In/Out",
        "type": "row"
      },
      {
        "datasource": {
          "type": "prometheus",
          "uid": "000000001"
        },
        "fieldConfig": {
          "defaults": {
            "color": {
              "mode": "palette-classic"
            },
            "custom": {
              "axisBorderShow": false,
              "axisCenteredZero": false,
              "axisColorMode": "text",
              "axisLabel": "Messages/s",
              "axisPlacement": "auto",
              "barAlignment": 0,
              "barWidthFactor": 0.6,
              "drawStyle": "line",
              "fillOpacity": 10,
              "gradientMode": "none",
              "hideFrom": {
                "legend": false,
                "tooltip": false,
                "viz": false
              },
              "insertNulls": false,
              "lineInterpolation": "linear",
              "lineWidth": 2,
              "pointSize": 5,
              "scaleDistribution": {
                "type": "linear"
              },
              "showPoints": "never",
              "spanNulls": true,
              "stacking": {
                "group": "A",
                "mode": "none"
              },
              "thresholdsStyle": {
                "mode": "off"
              }
            },
            "mappings": [],
            "thresholds": {
              "mode": "absolute",
              "steps": [
                {
                  "color": "green",
                  "value": null
                },
                {
                  "color": "red",
                  "value": 80
                }
              ]
            },
            "unit": "iops"
          },
          "overrides": []
        },
        "gridPos": {
          "h": 8,
          "w": 8,
          "x": 0,
          "y": 10
        },
        "id": 27,
        "options": {
          "legend": {
            "calcs": [],
            "displayMode": "list",
            "placement": "bottom",
            "showLegend": true
          },
          "tooltip": {
            "mode": "multi",
            "sort": "none"
          }
        },
        "pluginVersion": "11.4.0",
        "targets": [
          {
            "datasource": {
              "type": "prometheus",
              "uid": "000000001"
            },
            "expr": "sum without(topic)(rate(kafka_server_brokertopicmetrics_messagesin_total{job=\"kafka\",env=\"$env\",instance=~\"$broker_id\",topic!=\"\"}[5m]))",
            "format": "time_series",
            "intervalFactor": 2,
            "legendFormat": "{{instance}}",
            "refId": "A"
          }
        ],
        "title": "Messages In Per Broker",
        "type": "timeseries"
      },
      {
        "datasource": {
          "type": "prometheus",
          "uid": "000000001"
        },
        "fieldConfig": {
          "defaults": {
            "color": {
              "mode": "palette-classic"
            },
            "custom": {
              "axisBorderShow": false,
              "axisCenteredZero": false,
              "axisColorMode": "text",
              "axisLabel": "Messages/s",
              "axisPlacement": "auto",
              "barAlignment": 0,
              "barWidthFactor": 0.6,
              "drawStyle": "line",
              "fillOpacity": 10,
              "gradientMode": "none",
              "hideFrom": {
                "legend": false,
                "tooltip": false,
                "viz": false
              },
              "insertNulls": false,
              "lineInterpolation": "linear",
              "lineWidth": 2,
              "pointSize": 5,
              "scaleDistribution": {
                "type": "linear"
              },
              "showPoints": "never",
              "spanNulls": true,
              "stacking": {
                "group": "A",
                "mode": "none"
              },
              "thresholdsStyle": {
                "mode": "off"
              }
            },
            "mappings": [],
            "thresholds": {
              "mode": "absolute",
              "steps": [
                {
                  "color": "green",
                  "value": null
                },
                {
                  "color": "red",
                  "value": 80
                }
              ]
            },
            "unit": "iops"
          },
          "overrides": []
        },
        "gridPos": {
          "h": 8,
          "w": 8,
          "x": 8,
          "y": 10
        },
        "id": 28,
        "options": {
          "legend": {
            "calcs": [],
            "displayMode": "list",
            "placement": "bottom",
            "showLegend": true
          },
          "tooltip": {
            "mode": "multi",
            "sort": "none"
          }
        },
        "pluginVersion": "11.4.0",
        "targets": [
          {
            "datasource": {
              "type": "prometheus",
              "uid": "000000001"
            },
            "expr": "sum without(topic)(rate(kafka_server_brokertopicmetrics_bytesin_total{job=\"kafka\",env=\"$env\",instance=~\"$broker_id\",topic!=\"\"}[5m]))",
            "format": "time_series",
            "intervalFactor": 2,
            "legendFormat": "{{instance}}",
            "refId": "A"
          }
        ],
        "title": "Bytes In Per Broker",
        "type": "timeseries"
      },
      {
        "datasource": {
          "type": "prometheus",
          "uid": "000000001"
        },
        "fieldConfig": {
          "defaults": {
            "color": {
              "mode": "palette-classic"
            },
            "custom": {
              "axisBorderShow": false,
              "axisCenteredZero": false,
              "axisColorMode": "text",
              "axisLabel": "Messages/s",
              "axisPlacement": "auto",
              "barAlignment": 0,
              "barWidthFactor": 0.6,
              "drawStyle": "line",
              "fillOpacity": 10,
              "gradientMode": "none",
              "hideFrom": {
                "legend": false,
                "tooltip": false,
                "viz": false
              },
              "insertNulls": false,
              "lineInterpolation": "linear",
              "lineWidth": 2,
              "pointSize": 5,
              "scaleDistribution": {
                "type": "linear"
              },
              "showPoints": "never",
              "spanNulls": true,
              "stacking": {
                "group": "A",
                "mode": "none"
              },
              "thresholdsStyle": {
                "mode": "off"
              }
            },
            "mappings": [],
            "thresholds": {
              "mode": "absolute",
              "steps": [
                {
                  "color": "green",
                  "value": null
                },
                {
                  "color": "red",
                  "value": 80
                }
              ]
            },
            "unit": "iops"
          },
          "overrides": []
        },
        "gridPos": {
          "h": 8,
          "w": 8,
          "x": 16,
          "y": 10
        },
        "id": 29,
        "options": {
          "legend": {
            "calcs": [],
            "displayMode": "list",
            "placement": "bottom",
            "showLegend": true
          },
          "tooltip": {
            "mode": "multi",
            "sort": "none"
          }
        },
        "pluginVersion": "11.4.0",
        "targets": [
          {
            "datasource": {
              "type": "prometheus",
              "uid": "000000001"
            },
            "expr": "sum without(topic)(rate(kafka_server_brokertopicmetrics_bytesout_total{job=\"kafka\",env=\"$env\",instance=~\"$broker_id\",topic!=\"\"}[5m]))",
            "format": "time_series",
            "intervalFactor": 2,
            "legendFormat": "{{instance}}",
            "refId": "A"
          }
        ],
        "title": "Bytes Out Per Broker",
        "type": "timeseries"
      },
      {
        "collapsed": false,
        "gridPos": {
          "h": 1,
          "w": 24,
          "x": 0,
          "y": 18
        },
        "id": 21,
        "panels": [],
        "title": "System",
        "type": "row"
      },
      {
        "datasource": {
          "type": "prometheus",
          "uid": "000000001"
        },
        "fieldConfig": {
          "defaults": {},
          "overrides": []
        },
        "gridPos": {
          "h": 8,
          "w": 8,
          "x": 0,
          "y": 19
        },
        "id": 30,
        "options": {},
        "targets": [
          {
            "datasource": {
              "type": "prometheus",
              "uid": "000000001"
            },
            "expr": "sum(rate(process_cpu_seconds_total{job=\"kafka\",env=\"$env\",instance=~\"$broker_id\"}[5m])) by (instance)",
            "format": "time_series",
            "intervalFactor": 2,
            "legendFormat": "{{instance}}",
            "refId": "A"
          }
        ],
        "title": "CPU Usage",
        "type": "timeseries"
      },
      {
        "datasource": {
          "type": "prometheus",
          "uid": "000000001"
        },
        "fieldConfig": {
          "defaults": {},
          "overrides": []
        },
        "gridPos": {
          "h": 8,
          "w": 8,
          "x": 8,
          "y": 19
        },
        "id": 31,
        "options": {},
        "targets": [
          {
            "datasource": {
              "type": "prometheus",
              "uid": "000000001"
            },
            "expr": "sum without(area)(jvm_memory_bytes_used{job=\"kafka\",env=\"$env\",instance=~\"$broker_id\"})",
            "format": "time_series",
            "intervalFactor": 2,
            "legendFormat": "{{instance}}",
            "refId": "A"
          }
        ],
        "title": "JVM Memory Used",
        "type": "timeseries"
      },
      {
        "datasource": {
          "type": "prometheus",
          "uid": "000000001"
        },
        "fieldConfig": {
          "defaults": {},
          "overrides": []
        },
        "gridPos": {
          "h": 8,
          "w": 8,
          "x": 16,
          "y": 19
        },
        "id": 32,
        "options": {},
        "targets": [
          {
            "datasource": {
              "type": "prometheus",
              "uid": "000000001"
            },
            "expr": "sum without(gc)(rate(jvm_gc_collection_seconds_sum{job=\"kafka\",env=\"$env\",instance=~\"$broker_id\"}[5m]))",
            "format": "time_series",
            "intervalFactor": 2,
            "legendFormat": "{{instance}}",
            "refId": "A"
          }
        ],
        "title": "Time spent in GC",
        "type": "timeseries"
      },
      {
        "collapsed": false,
        "gridPos": {
          "h": 1,
          "w": 24,
          "x": 0,
          "y": 27
        },
        "id": 19,
        "panels": [],
        "title": "Zookeeper",
        "type": "row"
      },
      {
        "datasource": {
          "type": "prometheus",
          "uid": "000000001"
        },
        "fieldConfig": {
          "defaults": {},
          "overrides": []
        },
        "gridPos": {
          "h": 8,
          "w": 9,
          "x": 0,
          "y": 28
        },
        "id": 34,
        "options": {},
        "targets": [
          {
            "datasource": {
              "type": "prometheus",
              "uid": "000000001"
            },
            "expr": "kafka_server_zookeeperclientmetrics_zookeeperrequestlatencyms{job=\"kafka\",env=\"$env\",instance=~\"$broker_id\",quantile=~\"$percentile\"}",
            "format": "time_series",
            "intervalFactor": 2,
            "legendFormat": "{{instance}} - {{quantile}}",
            "refId": "A"
          }
        ],
        "title": "Zookeeper Request Latency",
        "type": "timeseries"
      },
      {
        "collapsed": false,
        "gridPos": {
          "h": 1,
          "w": 24,
          "x": 0,
          "y": 36
        },
        "id": 17,
        "panels": [],
        "title": "Logs size",
        "type": "row"
      },
      {
        "datasource": {
          "type": "prometheus",
          "uid": "000000001"
        },
        "fieldConfig": {
          "defaults": {},
          "overrides": []
        },
        "gridPos": {
          "h": 8,
          "w": 9,
          "x": 0,
          "y": 37
        },
        "id": 33,
        "options": {},
        "targets": [
          {
            "datasource": {
              "type": "prometheus",
              "uid": "000000001"
            },
            "expr": "sum(kafka_log_log_size{job=\"kafka\",env=\"$env\",instance=~\"$broker_id\"}) by (instance)",
            "format": "time_series",
            "intervalFactor": 2,
            "legendFormat": "{{instance}}",
            "refId": "A"
          }
        ],
        "title": "Log size per Broker",
        "type": "timeseries"
      }
    ],
    "preload": false,
    "refresh": "1m",
    "schemaVersion": 40,
    "tags": [],
    "templating": {
      "list": [
        {
          "current": {
            "text": "",
            "value": ""
          },
          "datasource": "Prometheus",
          "includeAll": false,
          "label": "Environment",
          "name": "env",
          "options": [],
          "query": "label_values(env)",
          "refresh": 1,
          "regex": "",
          "type": "query"
        },
        {
          "current": {
            "text": [
              "All"
            ],
            "value": [
              "$__all"
            ]
          },
          "datasource": "Prometheus",
          "includeAll": true,
          "label": "Broker ID",
          "multi": true,
          "name": "broker_id",
          "options": [],
          "query": "label_values(kafka_server_kafkaserver_brokerstate, instance)",
          "refresh": 1,
          "regex": "",
          "type": "query"
        },
        {
          "current": {
            "text": [
              "All"
            ],
            "value": [
              "$__all"
            ]
          },
          "datasource": "Prometheus",
          "includeAll": true,
          "label": "Percentile",
          "multi": true,
          "name": "percentile",
          "options": [],
          "query": "label_values(quantile)",
          "refresh": 1,
          "regex": "",
          "type": "query"
        }
      ]
    },
    "time": {
      "from": "now-15m",
      "to": "now"
    },
    "timepicker": {},
    "timezone": "",
    "title": "Kafka Brokers Overview",
    "uid": "eY2Il0SSz",
    "version": 2,
    "weekStart": ""
  }